-- phpMyAdmin SQL Dump
-- version 4.9.0.1
-- https://www.phpmyadmin.net/
--
-- Host: localhost:8889
-- Generation Time: May 06, 2020 at 12:54 PM
-- Server version: 5.7.26
-- PHP Version: 7.3.7

SET SQL_MODE = "NO_AUTO_VALUE_ON_ZERO";
SET time_zone = "+00:00";

--
-- Database: `DBMS_Project`
--

-- --------------------------------------------------------

--
-- Table structure for table `cancellation_list`
--

CREATE TABLE `cancellation_list` (
  `pnr` int(11) NOT NULL,
  `passenger_id` int(11) NOT NULL,
  `refund_amount` float NOT NULL,
  `cancellation_date` date NOT NULL
) ENGINE=InnoDB DEFAULT CHARSET=utf8;

-- --------------------------------------------------------

--
-- Table structure for table `current_booking_status`
--

CREATE TABLE `current_booking_status` (
  `train_no` int(11) NOT NULL,
  `date` varchar(30) NOT NULL,
  `ac_seat` int(11) NOT NULL,
  `ac_fare` float NOT NULL,
  `non_ac_seat` int(11) NOT NULL,
  `non_ac_fare` float NOT NULL,
  `ac_waitlist` int(11) NOT NULL,
  `non_ac_waitlist` int(11) NOT NULL
) ENGINE=InnoDB DEFAULT CHARSET=utf8;

--
-- Dumping data for table `current_booking_status`
--

INSERT INTO `current_booking_status` (`train_no`, `date`, `ac_seat`, `ac_fare`, `non_ac_seat`, `non_ac_fare`, `ac_waitlist`, `non_ac_waitlist`) VALUES
(12041, '01-01-2020', 196, 1020, 0, 0, 0, 0),
(12041, '02-01-2020', 196, 1020, 0, 0, 0, 0),
(12041, '04-12-2019', 196, 1020, 0, 0, 0, 0),
(12041, '05-12-2019', 196, 1020, 0, 0, 0, 0),
(12041, '06-12-2019', 196, 1020, 0, 0, 0, 0),
(12041, '07-12-2019', 196, 1020, 0, 0, 0, 0),
(12041, '08-12-2019', 196, 1020, 0, 0, 0, 0),
(12041, '09-12-2019', 196, 1020, 0, 0, 0, 0),
(12041, '10-12-2019', 196, 1020, 0, 0, 0, 0),
(12041, '11-12-2019', 196, 1020, 0, 0, 0, 0),
(12041, '12-12-2019', 196, 1020, 0, 0, 0, 0),
(12041, '13-12-2019', 196, 1020, 0, 0, 0, 0),
(12041, '14-12-2019', 196, 1020, 0, 0, 0, 0),
(12041, '15-12-2019', 196, 1020, 0, 0, 0, 0),
(12041, '16-12-2019', 196, 1020, 0, 0, 0, 0),
(12041, '17-12-2019', 196, 1020, 0, 0, 0, 0),
(12041, '18-12-2019', 196, 1020, 0, 0, 0, 0),
(12041, '19-12-2019', 196, 1020, 0, 0, 0, 0),
(12041, '20-12-2019', 196, 1020, 0, 0, 0, 0),
(12041, '21-12-2019', 196, 1020, 0, 0, 0, 0),
(12041, '22-12-2019', 196, 1020, 0, 0, 0, 0),
(12041, '23-12-2019', 196, 1020, 0, 0, 0, 0),
(12041, '24-12-2019', 196, 1020, 0, 0, 0, 0),
(12041, '25-12-2019', 196, 1020, 0, 0, 0, 0),
(12041, '26-12-2019', 196, 1020, 0, 0, 0, 0),
(12041, '27-12-2019', 196, 1020, 0, 0, 0, 0),
(12041, '28-12-2019', 196, 1020, 0, 0, 0, 0),
(12041, '29-12-2019', 196, 1020, 0, 0, 0, 0),
(12041, '30-12-2019', 196, 1020, 0, 0, 0, 0),
(12041, '31-12-2019', 196, 1020, 0, 0, 0, 0),
(12042, '01-01-2020', 196, 1020, 0, 0, 0, 0),
(12042, '02-01-2020', 196, 1020, 0, 0, 0, 0),
(12042, '04-12-2019', 196, 1020, 0, 0, 0, 0),
(12042, '05-12-2019', 196, 1020, 0, 0, 0, 0),
(12042, '06-12-2019', 196, 1020, 0, 0, 0, 0),
(12042, '07-12-2019', 196, 1020, 0, 0, 0, 0),
(12042, '08-12-2019', 196, 1020, 0, 0, 0, 0),
(12042, '09-12-2019', 196, 1020, 0, 0, 0, 0),
(12042, '10-12-2019', 196, 1020, 0, 0, 0, 0),
(12042, '11-12-2019', 196, 1020, 0, 0, 0, 0),
(12042, '12-12-2019', 196, 1020, 0, 0, 0, 0),
(12042, '13-12-2019', 196, 1020, 0, 0, 0, 0),
(12042, '14-12-2019', 196, 1020, 0, 0, 0, 0),
(12042, '15-12-2019', 196, 1020, 0, 0, 0, 0),
(12042, '16-12-2019', 196, 1020, 0, 0, 0, 0),
(12042, '17-12-2019', 196, 1020, 0, 0, 0, 0),
(12042, '18-12-2019', 196, 1020, 0, 0, 0, 0),
(12042, '19-12-2019', 196, 1020, 0, 0, 0, 0),
(12042, '20-12-2019', 196, 1020, 0, 0, 0, 0),
(12042, '21-12-2019', 196, 1020, 0, 0, 0, 0),
(12042, '22-12-2019', 196, 1020, 0, 0, 0, 0),
(12042, '23-12-2019', 196, 1020, 0, 0, 0, 0),
(12042, '24-12-2019', 196, 1020, 0, 0, 0, 0),
(12042, '25-12-2019', 196, 1020, 0, 0, 0, 0),
(12042, '26-12-2019', 196, 1020, 0, 0, 0, 0),
(12042, '27-12-2019', 196, 1020, 0, 0, 0, 0),
(12042, '28-12-2019', 196, 1020, 0, 0, 0, 0),
(12042, '29-12-2019', 196, 1020, 0, 0, 0, 0),
(12042, '30-12-2019', 196, 1020, 0, 0, 0, 0),
(12042, '31-12-2019', 196, 1020, 0, 0, 0, 0),
(12301, '01-01-2020', 196, 2040, 0, 0, 0, 0),
(12301, '02-01-2020', 196, 2040, 0, 0, 0, 0),
(12301, '04-12-2019', 196, 2040, 0, 0, 0, 0),
(12301, '05-12-2019', 196, 2040, 0, 0, 0, 0),
(12301, '06-12-2019', 196, 2040, 0, 0, 0, 0),
(12301, '07-12-2019', 196, 2040, 0, 0, 0, 0),
(12301, '08-12-2019', 196, 2040, 0, 0, 0, 0),
(12301, '09-12-2019', 196, 2040, 0, 0, 0, 0),
(12301, '10-12-2019', 196, 2040, 0, 0, 0, 0),
(12301, '11-12-2019', 196, 2040, 0, 0, 0, 0),
(12301, '12-12-2019', 196, 2040, 0, 0, 0, 0),
(12301, '13-12-2019', 196, 2040, 0, 0, 0, 0),
(12301, '14-12-2019', 196, 2040, 0, 0, 0, 0),
(12301, '15-12-2019', 196, 2040, 0, 0, 0, 0),
(12301, '16-12-2019', 196, 2040, 0, 0, 0, 0),
(12301, '17-12-2019', 196, 2040, 0, 0, 0, 0),
(12301, '18-12-2019', 196, 2040, 0, 0, 0, 0),
(12301, '19-12-2019', 196, 2040, 0, 0, 0, 0),
(12301, '20-12-2019', 196, 2040, 0, 0, 0, 0),
(12301, '21-12-2019', 196, 2040, 0, 0, 0, 0),
(12301, '22-12-2019', 196, 2040, 0, 0, 0, 0),
(12301, '23-12-2019', 196, 2040, 0, 0, 0, 0),
(12301, '24-12-2019', 196, 2040, 0, 0, 0, 0),
(12301, '25-12-2019', 196, 2040, 0, 0, 0, 0),
(12301, '26-12-2019', 196, 2040, 0, 0, 0, 0),
(12301, '27-12-2019', 196, 2040, 0, 0, 0, 0),
(12301, '28-12-2019', 196, 2040, 0, 0, 0, 0),
(12301, '29-12-2019', 196, 2040, 0, 0, 0, 0),
(12301, '30-12-2019', 196, 2040, 0, 0, 0, 0),
(12301, '31-12-2019', 196, 2040, 0, 0, 0, 0),
(12302, '01-01-2020', 196, 2040, 0, 0, 0, 0),
(12302, '02-01-2020', 196, 2040, 0, 0, 0, 0),
(12302, '04-12-2019', 196, 2040, 0, 0, 0, 0),
(12302, '05-12-2019', 196, 2040, 0, 0, 0, 0),
(12302, '06-12-2019', 196, 2040, 0, 0, 0, 0),
(12302, '07-12-2019', 196, 2040, 0, 0, 0, 0),
(12302, '08-12-2019', 196, 2040, 0, 0, 0, 0),
(12302, '09-12-2019', 196, 2040, 0, 0, 0, 0),
(12302, '10-12-2019', 196, 2040, 0, 0, 0, 0),
(12302, '11-12-2019', 196, 2040, 0, 0, 0, 0),
(12302, '12-12-2019', 196, 2040, 0, 0, 0, 0),
(12302, '13-12-2019', 196, 2040, 0, 0, 0, 0),
(12302, '14-12-2019', 196, 2040, 0, 0, 0, 0),
(12302, '15-12-2019', 196, 2040, 0, 0, 0, 0),
(12302, '16-12-2019', 196, 2040, 0, 0, 0, 0),
(12302, '17-12-2019', 196, 2040, 0, 0, 0, 0),
(12302, '18-12-2019', 196, 2040, 0, 0, 0, 0),
(12302, '19-12-2019', 196, 2040, 0, 0, 0, 0),
(12302, '20-12-2019', 196, 2040, 0, 0, 0, 0),
(12302, '21-12-2019', 196, 2040, 0, 0, 0, 0),
(12302, '22-12-2019', 196, 2040, 0, 0, 0, 0),
(12302, '23-12-2019', 196, 2040, 0, 0, 0, 0),
(12302, '24-12-2019', 196, 2040, 0, 0, 0, 0),
(12302, '25-12-2019', 196, 2040, 0, 0, 0, 0),
(12302, '26-12-2019', 196, 2040, 0, 0, 0, 0),
(12302, '27-12-2019', 196, 2040, 0, 0, 0, 0),
(12302, '28-12-2019', 196, 2040, 0, 0, 0, 0),
(12302, '29-12-2019', 196, 2040, 0, 0, 0, 0),
(12302, '30-12-2019', 196, 2040, 0, 0, 0, 0),
(12302, '31-12-2019', 196, 2040, 0, 0, 0, 0),
(12345, '01-01-2020', 196, 900, 250, 400, 0, 0),
(12345, '02-01-2020', 196, 900, 250, 400, 0, 0),
(12345, '04-12-2019', 196, 900, 250, 400, 0, 0),
(12345, '05-12-2019', 196, 900, 250, 400, 0, 0),
(12345, '06-12-2019', 196, 900, 250, 400, 0, 0),
(12345, '07-12-2019', 196, 900, 250, 400, 0, 0),
(12345, '08-12-2019', 196, 900, 250, 400, 0, 0),
(12345, '09-12-2019', 196, 900, 250, 400, 0, 0),
(12345, '10-12-2019', 192, 900, 250, 400, 0, 0),
(12345, '11-12-2019', 196, 900, 248, 400, 0, 0),
(12345, '12-12-2019', 196, 900, 248, 400, 0, 0),
(12345, '13-12-2019', 196, 900, 250, 400, 0, 0),
(12345, '14-12-2019', 196, 900, 250, 400, 0, 0),
(12345, '15-12-2019', 196, 900, 250, 400, 0, 0),
(12345, '16-12-2019', 196, 900, 250, 400, 0, 0),
(12345, '17-12-2019', 196, 900, 250, 400, 0, 0),
(12345, '18-12-2019', 196, 900, 250, 400, 0, 0),
(12345, '19-12-2019', 196, 900, 250, 400, 0, 0),
(12345, '20-12-2019', 196, 900, 250, 400, 0, 0),
(12345, '21-12-2019', 196, 900, 250, 400, 0, 0),
(12345, '22-12-2019', 196, 900, 250, 400, 0, 0),
(12345, '23-12-2019', 196, 900, 250, 400, 0, 0),
(12345, '24-12-2019', 196, 900, 250, 400, 0, 0),
(12345, '25-12-2019', 196, 900, 250, 400, 0, 0),
(12345, '26-12-2019', 196, 900, 250, 400, 0, 0),
(12345, '27-12-2019', 196, 900, 250, 400, 0, 0),
(12345, '28-12-2019', 196, 900, 250, 400, 0, 0),
(12345, '29-12-2019', 196, 900, 250, 400, 0, 0),
(12345, '30-12-2019', 196, 900, 250, 400, 0, 0),
(12345, '31-12-2019', 196, 900, 250, 400, 0, 0),
(12841, '01-01-2020', 196, 1600, 350, 600, 0, 0),
(12841, '02-01-2020', 196, 1600, 350, 600, 0, 0),
(12841, '04-12-2019', 196, 1600, 350, 600, 0, 0),
(12841, '05-12-2019', 196, 1600, 350, 600, 0, 0),
(12841, '06-12-2019', 196, 1600, 350, 600, 0, 0),
(12841, '07-12-2019', 196, 1600, 350, 600, 0, 0),
(12841, '08-12-2019', 196, 1600, 350, 600, 0, 0),
(12841, '09-12-2019', 196, 1600, 350, 600, 0, 0),
(12841, '10-12-2019', 196, 1600, 350, 600, 0, 0),
(12841, '11-12-2019', 196, 1600, 350, 600, 0, 0),
(12841, '12-12-2019', 196, 1600, 350, 600, 0, 0),
(12841, '13-12-2019', 196, 1600, 350, 600, 0, 0),
(12841, '14-12-2019', 196, 1600, 350, 600, 0, 0),
(12841, '15-12-2019', 196, 1600, 350, 600, 0, 0),
(12841, '16-12-2019', 196, 1600, 350, 600, 0, 0),
(12841, '17-12-2019', 196, 1600, 350, 600, 0, 0),
(12841, '18-12-2019', 196, 1600, 350, 600, 0, 0),
(12841, '19-12-2019', 196, 1600, 350, 600, 0, 0),
(12841, '20-12-2019', 196, 1600, 350, 600, 0, 0),
(12841, '21-12-2019', 196, 1600, 350, 600, 0, 0),
(12841, '22-12-2019', 196, 1600, 350, 600, 0, 0),
(12841, '23-12-2019', 196, 1600, 350, 600, 0, 0),
(12841, '24-12-2019', 196, 1600, 350, 600, 0, 0),
(12841, '25-12-2019', 196, 1600, 350, 600, 0, 0),
(12841, '26-12-2019', 196, 1600, 350, 600, 0, 0),
(12841, '27-12-2019', 196, 1600, 350, 600, 0, 0),
(12841, '28-12-2019', 196, 1600, 350, 600, 0, 0),
(12841, '29-12-2019', 196, 1600, 350, 600, 0, 0),
(12841, '30-12-2019', 196, 1600, 350, 600, 0, 0),
(12841, '31-12-2019', 196, 1600, 350, 600, 0, 0),
(12842, '01-01-2020', 196, 1600, 350, 600, 0, 0),
(12842, '02-01-2020', 196, 1600, 350, 600, 0, 0),
(12842, '04-12-2019', 196, 1600, 350, 600, 0, 0),
(12842, '05-12-2019', 196, 1600, 350, 600, 0, 0),
(12842, '06-12-2019', 196, 1600, 350, 600, 0, 0),
(12842, '07-12-2019', 196, 1600, 350, 600, 0, 0),
(12842, '08-12-2019', 196, 1600, 350, 600, 0, 0),
(12842, '09-12-2019', 196, 1600, 350, 600, 0, 0),
(12842, '10-12-2019', 196, 1600, 350, 600, 0, 0),
(12842, '11-12-2019', 196, 1600, 350, 600, 0, 0),
(12842, '12-12-2019', 196, 1600, 350, 600, 0, 0),
(12842, '13-12-2019', 196, 1600, 350, 600, 0, 0),
(12842, '14-12-2019', 196, 1600, 350, 600, 0, 0),
(12842, '15-12-2019', 196, 1600, 350, 600, 0, 0),
(12842, '16-12-2019', 196, 1600, 350, 600, 0, 0),
(12842, '17-12-2019', 196, 1600, 350, 600, 0, 0),
(12842, '18-12-2019', 196, 1600, 350, 600, 0, 0),
(12842, '19-12-2019', 196, 1600, 350, 600, 0, 0),
(12842, '20-12-2019', 196, 1600, 350, 600, 0, 0),
(12842, '21-12-2019', 196, 1600, 350, 600, 0, 0),
(12842, '22-12-2019', 196, 1600, 350, 600, 0, 0),
(12842, '23-12-2019', 196, 1600, 350, 600, 0, 0),
(12842, '24-12-2019', 196, 1600, 350, 600, 0, 0),
(12842, '25-12-2019', 196, 1600, 350, 600, 0, 0),
(12842, '26-12-2019', 196, 1600, 350, 600, 0, 0),
(12842, '27-12-2019', 196, 1600, 350, 600, 0, 0),
(12842, '28-12-2019', 196, 1600, 350, 600, 0, 0),
(12842, '29-12-2019', 196, 1600, 350, 600, 0, 0),
(12842, '30-12-2019', 196, 1600, 350, 600, 0, 0),
(12842, '31-12-2019', 196, 1600, 350, 600, 0, 0),
(13153, '01-01-2020', 196, 700, 350, 200, 0, 0),
(13153, '02-01-2020', 196, 700, 350, 200, 0, 0),
(13153, '04-12-2019', 196, 700, 350, 200, 0, 0),
(13153, '05-12-2019', 196, 700, 350, 200, 0, 0),
(13153, '06-12-2019', 196, 700, 350, 200, 0, 0),
(13153, '07-12-2019', 196, 700, 350, 200, 0, 0),
(13153, '08-12-2019', 196, 700, 350, 200, 0, 0),
(13153, '09-12-2019', 196, 700, 350, 200, 0, 0),
(13153, '10-12-2019', 196, 700, 350, 200, 0, 0),
(13153, '11-12-2019', 196, 700, 350, 200, 0, 0),
(13153, '12-12-2019', 196, 700, 350, 200, 0, 0),
(13153, '13-12-2019', 196, 700, 350, 200, 0, 0),
(13153, '14-12-2019', 196, 700, 350, 200, 0, 0),
(13153, '15-12-2019', 196, 700, 350, 200, 0, 0),
(13153, '16-12-2019', 196, 700, 350, 200, 0, 0),
(13153, '17-12-2019', 196, 700, 350, 200, 0, 0),
(13153, '18-12-2019', 196, 700, 350, 200, 0, 0),
(13153, '19-12-2019', 196, 700, 350, 200, 0, 0),
(13153, '20-12-2019', 196, 700, 350, 200, 0, 0),
(13153, '21-12-2019', 196, 700, 350, 200, 0, 0),
(13153, '22-12-2019', 196, 700, 350, 200, 0, 0),
(13153, '23-12-2019', 196, 700, 350, 200, 0, 0),
(13153, '24-12-2019', 196, 700, 350, 200, 0, 0),
(13153, '25-12-2019', 196, 700, 350, 200, 0, 0),
(13153, '26-12-2019', 196, 700, 350, 200, 0, 0),
(13153, '27-12-2019', 196, 700, 350, 200, 0, 0),
(13153, '28-12-2019', 196, 700, 350, 200, 0, 0),
(13153, '29-12-2019', 196, 700, 350, 200, 0, 0),
(13153, '30-12-2019', 196, 700, 350, 200, 0, 0),
(13153, '31-12-2019', 196, 700, 350, 200, 0, 0),
(13154, '01-01-2020', 196, 700, 350, 200, 0, 0),
(13154, '02-01-2020', 196, 700, 350, 200, 0, 0),
(13154, '04-12-2019', 196, 700, 350, 200, 0, 0),
(13154, '05-12-2019', 196, 700, 350, 200, 0, 0),
(13154, '06-12-2019', 196, 700, 350, 200, 0, 0),
(13154, '07-12-2019', 196, 700, 350, 200, 0, 0),
(13154, '08-12-2019', 196, 700, 350, 200, 0, 0),
(13154, '09-12-2019', 196, 700, 350, 200, 0, 0),
(13154, '10-12-2019', 196, 700, 350, 200, 0, 0),
(13154, '11-12-2019', 196, 700, 350, 200, 0, 0),
(13154, '12-12-2019', 196, 700, 350, 200, 0, 0),
(13154, '13-12-2019', 196, 700, 350, 200, 0, 0),
(13154, '14-12-2019', 196, 700, 350, 200, 0, 0),
(13154, '15-12-2019', 196, 700, 350, 200, 0, 0),
(13154, '16-12-2019', 196, 700, 350, 200, 0, 0),
(13154, '17-12-2019', 196, 700, 350, 200, 0, 0),
(13154, '18-12-2019', 196, 700, 350, 200, 0, 0),
(13154, '19-12-2019', 196, 700, 350, 200, 0, 0),
(13154, '20-12-2019', 196, 700, 350, 200, 0, 0),
(13154, '21-12-2019', 196, 700, 350, 200, 0, 0),
(13154, '22-12-2019', 196, 700, 350, 200, 0, 0),
(13154, '23-12-2019', 196, 700, 350, 200, 0, 0),
(13154, '24-12-2019', 196, 700, 350, 200, 0, 0),
(13154, '25-12-2019', 196, 700, 350, 200, 0, 0),
(13154, '26-12-2019', 196, 700, 350, 200, 0, 0),
(13154, '27-12-2019', 196, 700, 350, 200, 0, 0),
(13154, '28-12-2019', 196, 700, 350, 200, 0, 0),
(13154, '29-12-2019', 196, 700, 350, 200, 0, 0),
(13154, '30-12-2019', 196, 700, 350, 200, 0, 0),
(13154, '31-12-2019', 196, 700, 350, 200, 0, 0);

-- --------------------------------------------------------

--
-- Table structure for table `has_meals`
--

CREATE TABLE `has_meals` (
  `train_no` int(11) NOT NULL,
  `meal_id` varchar(30) NOT NULL
) ENGINE=InnoDB DEFAULT CHARSET=utf8;

-- --------------------------------------------------------

--
-- Table structure for table `meals`
--

CREATE TABLE `meals` (
  `meal_id` varchar(30) NOT NULL,
  `train_no` int(11) NOT NULL,
  `price` float NOT NULL,
  `type` varchar(30) NOT NULL
) ENGINE=InnoDB DEFAULT CHARSET=utf8;

--
-- Dumping data for table `meals`
--

INSERT INTO `meals` (`meal_id`, `train_no`, `price`, `type`) VALUES
('12Vg', 12042, 800, 'Veg');

-- --------------------------------------------------------

--
-- Table structure for table `passenger`
--

CREATE TABLE `passenger` (
  `passenger_id` int(11) NOT NULL,
  `pnr` int(11) NOT NULL,
  `name` varchar(30) NOT NULL,
  `age` int(11) NOT NULL,
  `gender` varchar(30) NOT NULL,
  `booking_status` varchar(30) DEFAULT 'confirmed',
  `seat_no` int(11) NOT NULL,
  `meal_id` int(11) DEFAULT NULL
) ENGINE=InnoDB DEFAULT CHARSET=utf8;

--
-- Dumping data for table `passenger`
--

INSERT INTO `passenger` (`passenger_id`, `pnr`, `name`, `age`, `gender`, `booking_status`, `seat_no`, `meal_id`) VALUES
(9, 12, 'Moyeen', 20, 'M', 'confirmed', 250, NULL),
(10, 12, 'Rajarshi', 20, 'M', 'confirmed', 249, NULL);

-- --------------------------------------------------------

--
-- Table structure for table `passes_through`
--

CREATE TABLE `passes_through` (
  `station_id` varchar(30) NOT NULL,
  `train_no` int(11) NOT NULL
) ENGINE=InnoDB DEFAULT CHARSET=utf8;

--
-- Dumping data for table `passes_through`
--

INSERT INTO `passes_through` (`station_id`, `train_no`) VALUES
('HWH', 12041),
('MLDT', 12041),
('NFK', 12041),
('NJP', 12041),
('HWH', 12042),
('MLDT', 12042),
('NFK', 12042),
('NJP', 12042),
('CNB', 12301),
('HWH', 12301),
('NDLS', 12301),
('CNB', 12302),
('HWH', 12302),
('NDLS', 12302),
('HWH', 12345),
('MLDT', 12345),
('NJP', 12345),
('HWH', 12841),
('MAS', 12841),
('HWH', 12842),
('MAS', 12842),
('MLDT', 13153),
('SDAH', 13153),
('MLDT', 13154),
('SDAH', 13154);

-- --------------------------------------------------------

--
-- Table structure for table `station`
--

CREATE TABLE `station` (
  `station_id` varchar(30) NOT NULL,
  `station_name` varchar(30) NOT NULL
) ENGINE=InnoDB DEFAULT CHARSET=utf8;

--
-- Dumping data for table `station`
--

INSERT INTO `station` (`station_id`, `station_name`) VALUES
('CNB', 'Kanpur Central'),
('CST', 'Chattrapati Shivaji Terminal'),
('HWH', 'Howrah'),
('MAS', 'Chennai Central'),
('MLDT', 'Malda Town'),
('NDLS', 'New Delhi'),
('NFK', 'New Farakka'),
('NJP', 'New Jalpaiguri'),
('SDAH', 'Sealdah');

-- --------------------------------------------------------

--
-- Table structure for table `ticket`
--

CREATE TABLE `ticket` (
  `pnr` int(11) NOT NULL,
  `user_id` varchar(30) NOT NULL,
  `booking_date` timestamp NOT NULL DEFAULT CURRENT_TIMESTAMP,
  `fare` float NOT NULL,
  `train_no` int(11) NOT NULL,
  `journey_date` varchar(30) NOT NULL
) ENGINE=InnoDB DEFAULT CHARSET=utf8;

--
-- Dumping data for table `ticket`
--

INSERT INTO `ticket` (`pnr`, `user_id`, `booking_date`, `fare`, `train_no`, `journey_date`) VALUES
(12, 'moyn.raj16@gmail.com', '2019-12-04 14:28:18', 400, 12345, '12-12-2019');

-- --------------------------------------------------------

--
-- Table structure for table `train`
--

CREATE TABLE `train` (
  `train_no` int(11) NOT NULL,
  `train_name` varchar(30) NOT NULL,
  `source` varchar(30) NOT NULL,
  `departure` time NOT NULL,
  `destination` varchar(30) NOT NULL,
  `arrival` time NOT NULL
) ENGINE=InnoDB DEFAULT CHARSET=utf8;

--
-- Dumping data for table `train`
--

INSERT INTO `train` (`train_no`, `train_name`, `source`, `departure`, `destination`, `arrival`) VALUES
(12041, 'Shatabdi Express', 'HWH', '14:15:00', 'NJP', '22:00:00'),
(12042, 'Shatabdi Express', 'NJP', '05:30:00', 'HWH', '13:35:00'),
(12301, 'Rajdhani Express', 'HWH', '16:50:00', 'NDLS', '10:00:00'),
(12302, 'Rajdhani Express', 'NDLS', '16:55:00', 'HWH', '09:55:00'),
(12345, 'Saraighat Express', 'HWH', '15:30:00', 'NJP', '05:30:00'),
(12841, 'Coromandel Express', 'HWH', '00:00:00', 'MAS', '17:15:00'),
(12842, 'Coromandel Express', 'MAS', '08:45:00', 'HWH', '11:50:00'),
(13153, 'Gour Express', 'SDAH', '22:15:00', 'MLDT', '06:30:00'),
(13154, 'Gour Express', 'MLDT', '21:35:00', 'SDAH', '05:30:00');

-- --------------------------------------------------------

--
-- Table structure for table `user`
--

CREATE TABLE `user` (
  `user_id` varchar(30) NOT NULL,
  `first_name` varchar(30) NOT NULL,
  `middle_name` varchar(30) DEFAULT NULL,
  `last_name` varchar(30) NOT NULL,
  `dob` varchar(30) NOT NULL,
  `gender` varchar(10) NOT NULL,
  `email` varchar(30) NOT NULL,
  `password` varchar(30) NOT NULL,
  `city` varchar(30) NOT NULL,
  `contact` bigint(12) NOT NULL
) ENGINE=InnoDB DEFAULT CHARSET=utf8;

--
-- Dumping data for table `user`
--

INSERT INTO `user` (`user_id`, `first_name`, `middle_name`, `last_name`, `dob`, `gender`, `email`, `password`, `city`, `contact`) VALUES
('administrator@admin.com', 'admin', 'admin', 'admin', 'admin', 'admin', 'administrator@admin.com', 'password', 'admin', 0),
('moyn.raj16@gmail.com', 'Moyeen', '', 'Sarfaraj', '10-12-1997', 'M', 'moyn.raj16@gmail.com', '1234', 'Howrah', 9933778534),
('rajarshi@gmail.com', 'Ra', '', 'Ma', '12-12-1997', 'M', 'rajarshi@gmail.com', 'password', 'Howrah', 7003490380);

--
-- Indexes for dumped tables
--

--
-- Indexes for table `cancellation_list`
--
ALTER TABLE `cancellation_list`
  ADD PRIMARY KEY (`pnr`,`passenger_id`),
  ADD KEY `passenger_id` (`passenger_id`);

--
-- Indexes for table `current_booking_status`
--
ALTER TABLE `current_booking_status`
  ADD PRIMARY KEY (`train_no`,`date`);

--
-- Indexes for table `has_meals`
--
ALTER TABLE `has_meals`
  ADD PRIMARY KEY (`train_no`,`meal_id`),
  ADD KEY `meal_id` (`meal_id`);

--
-- Indexes for table `meals`
--
ALTER TABLE `meals`
  ADD PRIMARY KEY (`meal_id`,`train_no`),
  ADD KEY `train_no` (`train_no`);

--
-- Indexes for table `passenger`
--
ALTER TABLE `passenger`
  ADD PRIMARY KEY (`passenger_id`),
  ADD KEY `passenger_id` (`passenger_id`),
  ADD KEY `pnr` (`pnr`);

--
-- Indexes for table `passes_through`
--
ALTER TABLE `passes_through`
  ADD PRIMARY KEY (`station_id`,`train_no`),
  ADD KEY `train_no` (`train_no`);

--
-- Indexes for table `station`
--
ALTER TABLE `station`
  ADD PRIMARY KEY (`station_id`);

--
-- Indexes for table `ticket`
--
ALTER TABLE `ticket`
  ADD PRIMARY KEY (`pnr`),
  ADD KEY `train_no` (`train_no`),
  ADD KEY `user_id` (`user_id`);

--
-- Indexes for table `train`
--
ALTER TABLE `train`
  ADD PRIMARY KEY (`train_no`),
  ADD KEY `source` (`source`),
  ADD KEY `destination` (`destination`);

--
-- Indexes for table `user`
--
ALTER TABLE `user`
  ADD PRIMARY KEY (`user_id`),
  ADD UNIQUE KEY `email` (`email`);

--
-- AUTO_INCREMENT for dumped tables
--

--
-- AUTO_INCREMENT for table `passenger`
--
ALTER TABLE `passenger`
  MODIFY `passenger_id` int(11) NOT NULL AUTO_INCREMENT, AUTO_INCREMENT=11;

--
-- AUTO_INCREMENT for table `ticket`
--
ALTER TABLE `ticket`
  MODIFY `pnr` int(11) NOT NULL AUTO_INCREMENT, AUTO_INCREMENT=13;

--
-- Constraints for dumped tables
--

--
-- Constraints for table `cancellation_list`
--
ALTER TABLE `cancellation_list`
  ADD CONSTRAINT `cancellation_list_ibfk_1` FOREIGN KEY (`pnr`) REFERENCES `ticket` (`pnr`),
  ADD CONSTRAINT `cancellation_list_ibfk_2` FOREIGN KEY (`passenger_id`) REFERENCES `passenger` (`passenger_id`);

--
-- Constraints for table `has_meals`
--
ALTER TABLE `has_meals`
  ADD CONSTRAINT `has_meals_ibfk_2` FOREIGN KEY (`train_no`) REFERENCES `train` (`train_no`),
  ADD CONSTRAINT `has_meals_ibfk_3` FOREIGN KEY (`meal_id`) REFERENCES `meals` (`meal_id`);

--
-- Constraints for table `meals`
--
ALTER TABLE `meals`
  ADD CONSTRAINT `meals_ibfk_1` FOREIGN KEY (`train_no`) REFERENCES `train` (`train_no`);

--
-- Constraints for table `passenger`
--
ALTER TABLE `passenger`
  ADD CONSTRAINT `passenger_ibfk_1` FOREIGN KEY (`pnr`) REFERENCES `ticket` (`pnr`);

--
-- Constraints for table `passes_through`
--
ALTER TABLE `passes_through`
  ADD CONSTRAINT `passes_through_ibfk_1` FOREIGN KEY (`station_id`) REFERENCES `station` (`station_id`),
  ADD CONSTRAINT `passes_through_ibfk_2` FOREIGN KEY (`train_no`) REFERENCES `train` (`train_no`);

--
-- Constraints for table `ticket`
--
ALTER TABLE `ticket`
  ADD CONSTRAINT `ticket_ibfk_2` FOREIGN KEY (`train_no`) REFERENCES `train` (`train_no`),
  ADD CONSTRAINT `ticket_ibfk_3` FOREIGN KEY (`user_id`) REFERENCES `user` (`user_id`);

--
-- Constraints for table `train`
--
ALTER TABLE `train`
  ADD CONSTRAINT `train_ibfk_1` FOREIGN KEY (`source`) REFERENCES `station` (`station_id`),
  ADD CONSTRAINT `train_ibfk_2` FOREIGN KEY (`destination`) REFERENCES `station` (`station_id`);